vin,price
5N1AT2MV8HC824461,20121.938
1GNSKCKC2HR160472,31646.592
5NPD84LFXJH361029,12782.929
5XXGT4L34KG284916,17094.521
2G1WF52E819291457,3934.6733
1J4AA2D16AL194169,7977.6626
KM8K5CA55LU544542,24652.174
1FMCU9G64LUB92886,22189.611
KM8J3CAL2LU266330,23948.799
5NPEB4AC2DH592168,8041.858
1C4RJFBG8LC445185,33571.652
3GYFNCE30DS653971,13359.981
1C4PJMMXXMD101880,29856.512
5XXGT4L37KG276468,15712.6875
5TETX22N38Z527037,5696.5737
2T1BURHE1FC314983,12067.044
1G6AH5SX9H0145007,23101.156
JM3TCBCY5L0418437,42330.78
1C4RJFBG2HC728298,24059.621
KM8J3CAL4LU230414,22688.219
2T2HA31U15C048103,5816.9062
3FA6P0HDXLR256086,20055.248
5J6YH28389L004972,6427.3047
1FTEX1EP1HFA18142,29652.6
WBA8D9C33HA011353,17783.816
2C4RC1CG1CR171024,7300.7954
KNDJ33AU8M7126487,19992.309
5XYP5DHC6MG097419,39111.395
1C6SRFLT5LN417457,50713.973
3GNAXLEX5LS605305,26495.434
1C4RJFBG2LC441116,37215.117
YV4A22PK9L1609763,56407.273
WDCGG8JB0EG321361,18131.25
JF1VA1A65F9833668,18128.588
2C4RC1BGXHR744754,21506.479
2GNALDEK0D1145781,9882.122
KM8K5CA55LU501027,27394.008
2C8GT54L24R578568,4408.647
3MZBN1V33JM168844,19427.336
5NPD84LF1HH012884,8148.0054
2G1WC5EM3B1204169,4615.8535
3KPF24ADXLE231027,19923.768
MAJ3S2GE7LC349766,25438.842
YV140MTL3H2427813,19990.324
2T1BURHEXHC802025,13650.548
JM3KFBDM7K0528595,36691.402
KNDPMCAC2M7863540,24629.92
5NPEH4J28LH018985,30245.953
WA1VAAF72HD029625,32885.445
3GKALTEV3LL259370,29115.363
KM8J3CAL0LU269551,25433.213
WBS3R9C53HK709836,32701.459
WDDZF4KBXHA149023,20551.473
JF2GPACC4E9302837,8378.854
JM3KFBDM3L0839698,29139.64
3LN6L5F97LR618565,38755.29
WDDTG5CB2FJ119776,21571.984
JM1DKFC78K0452367,19711.096
3FA6P0K9XHR159840,13954.392
WBAJA7C30HG903992,25078.436
1C4BJWEG8CL179339,22578.633
5NPD84LF5LH506934,15238.993
5NPEF4JA1LH059374,22402.135
KNDMB5C12M6663196,27683.582
2C3CDZAG8GH279578,20935.84
1C4RJFAGXHC940027,22824.879
4A3AK24F56E003719,4538.964
JA4AT4AA5JZ043234,16818.457
5NMS3CAD9LH232541,27541.328
5NPEC4AC7DH799877,6778.4106
3FA6P0HD5LR132291,20629.941
SALYU2EE8LA272360,96464.984
WP1AB2A25HLA50279,34547.137
KM8K3CA57LU519891,27032.854
5NPEH4J29LH008305,32090.586
MAJ6S3GL6LC345290,19670.834
KNDPMCAC1H7200546,15999.338
1J8HR58236C327696,4498.5376
1G1ZB5ST0LF148696,21050.035
KMHGN4JE6HU171532,27733.26
5NPD74LF0LH615918,20633.07
1C6SRFJT5LN308225,41763.426
5NPEU46F16H033954,2718.837
2T1BR32E44C258459,5099.869
1C4RJFLG6LC413737,32927.688
KM8J3CA4XHU556945,19451.232
JH4CU2F47DC001706,8969.502
2T1KU4EE9AC249400,7355.4043
WBA6H7C37HGA05247,30702.283
5NMS3CAD8LH235365,29767.38
1N4BL4EW1KC128453,21074.521
1GC1K0EG2JF134544,36759.457
1GNSKBKCXLR111152,45169.26
KMHC85LJXLU061114,37709.535
2MEFM74W81X691396,2878.9814
JTEBU11F570029117,5238.699
KNDPRCA66J7374694,24587.184
5NPEF4JA9LH047635,24029.65
1J4GW48S21C508989,3620.0547
KM8J3CAL1LU269056,24375.123
JM3KFBDL8H0188860,21136.434
SALWR2RY2LA745490,81970.02
WBY2Z2C59FV391693,49760.45
1C4RJFBG1JC165086,29906.324
KNDPRCA61M7850354,31021.324
1GNEVJKW5JJ113864,26649.637
WBA4E3C5XHG187131,30290.35
3LN6L5B98LR619312,38523.027
2T1BURHE4HC909460,13909.974
1C4RJFBG4HC867431,26656.193
1C4NJDEB7HD139874,17026.092
ZHWUC2ZF7JLA09526,113019.63
2G1105S38H9188754,20014.627
YV140MTL9H2437925,19091.736
1HGCM72716A020153,3627.1804
3FA6P0HD7LR252206,21515.73
YV4102RL8M1682202,49246.71
3C4FY58B42T376471,2541.3804
JM3KFBBM5L0833761,27750.271
1FM5K8GT3HGC15675,29357.854
KNDJ23AU2L7110769,19732.875
WA1LFAFP8CA067704,13829.3545
2GNAXKEV3L6264946,23881.77
3GNAXSEV1JS586810,17655.977
JTHCZ1BL0HA005798,23939.506
3FA6P0G79LR110497,24514.928
1C4NJRBB4DD129444,8206.571
5NPEF4JAXLH043660,24200.246
JM3KFBDM0L0822163,31472.598
1C4HJXEG7LW348586,57415.566
2C3CDZAG6HH502718,22663.35
2T3LWRFV4LW071706,35565.953
1GNSKJKC0FR275461,23320.807
KM8J3CAL3LU261539,25313.82
KMHD74LF9HU423017,12695.044
WAUFFAFC6HN100339,31662.623
4JGDA5HB7HA816383,30110.055
3LN6L5F92LR614570,35276.055
1N4BL4EV5KC182975,18612.785
5FNRL38798B074094,4378.905
3MZBN1L35JM268978,18927.957
WDCTG4GB1JJ382424,21330.812
WP1AF2A53JLB71073,50740.145
3LN6L5F92LR612561,38636.2
JM3KFBCM7L0823537,28323.678
1C4RJFBG0LC447710,30614.947
WA1VAAF75HD013841,31273.574
WAUW2AFC3HN026955,32686.338
WBA8B7C53GK368522,31733.268
4JGDF6EE3HA797868,35933.51
5LMCJ1D94LUL24146,37097.613
3LN6L5B94LR612499,33987.637
5XXG14J22MG003974,30213.549
5YMKT6C38H0U39474,50783.227
4A3AB56F99E034247,4896.014
WDDZF4KB4JA329314,31746.104
KM8K5CA56LU489020,27519.38
3GNAXSEV6LS700982,23934.53
5LMJJ2JT6FEJ00713,28730.805
1GNSKHKCXKR277477,41911.73
KM8K33AG7KU040354,42513.688
1C6HJTAG2LL171629,43277.59
5NPEH4J2XLH047694,27981.498
1C4RJFBG1HC873879,26768.973
WBS3R9C55HK709921,45697.477
5XYKT3A10BG111248,6777.932
JN1CA31D81T612107,5220.2563
MAJ6S3JL4LC337312,24995.129
5LMYJ8XY5LGL19151,69249.92
JN1BJ1CR4HW103617,20133.32
5XYZTDLB3GG311364,13469.44
2C4RC1BG4JR124021,23185.469
WDDZF4JB9HA073196,25629.486
5NPEH4J23LH018456,29284.508
1G1ZH5SX9HF153355,20409.07
JM3KFBDM3L0841080,30435.275
1G6AX5SX9H0174221,23982.008
1LN6L9HK5K5600624,29505.66
3FA6P0HD5LR226848,21224.584
2C4RC1BG8LR225050,29837.383
KNADN4A38G6680771,10693.001
3MZBPAEMXKM109763,30492.451
3C4NJDCB3KT785353,21177.898
WBA8E1G5XGNU10519,19616.637
3C4NJDCBXJT222962,19832.867
5NPEF4JA4LH015949,23309.822
1G11C5SA3GF161795,10374.563
1FAHP3M21CL363282,4373.542
JHLRE4H75BC001067,8288.672
1GNSKBKC3KR162300,40889.38
KM8J3CA44HU539171,17388.645
WDDYJ7HA8HA012401,79058.67
JM3KFBDL7H0154361,20554.629
KM8J3CA40JU683242,19963.748
2C3CDXGJ9LH164795,40783.566
JM3KFABM0K1521253,29439.553
1C4PJMDX7JD562529,22023.672
5NMS3CAA4LH206807,35461.773
2GNAXHEVXJ6349914,17453.807
KMHWF35H65A104109,2848.0562
1N4BL4FW5KC136506,21915.33
5UXKR0C58H0V50577,31488.75
2GNALCEK7H1608628,13350.43
2GNALPEK4C6133488,10458.296
JTJBZMCA8K2041023,36055.305
JF1VA2R68K9814441,38166.125
1C4BJWFGXGL217500,33324.535
JTMBD33V276026810,4766.234
1GCVKREC2HZ245767,26891.1
WAUGFAFR3CA013765,10549.141
5XYZWDLA6HG441770,22729.822
SALVP2BGXHH181671,21217.521
2T2HK31U29C119618,5192.209
YV4102PK6L1576369,52955.527
JM1DKFB77H0159988,17128.45
5FNRL5H61BB033047,16191.006
2GNAXVEX1L6193474,29207.777
1C4AJWAG6DL574428,12875.841
KNDP6CAC6L7823468,23907.04
1C3CCBBG6DN528083,8363.087
1J4GW48S34C246887,4569.4966
1GCGTDE32G1363503,23036.828
1GNERFKW4JJ174611,21192.203
KNDMB5C14F6074394,11261.16
KM8K2CAA0MU617162,22025.584
3LN6L5F99LR619474,35339.594
1GCUYEED2KZ244332,38404.8
5XYP3DHC4MG105684,41230.285
1GNERFKW2LJ272443,26833.844
1C4RJFDJ0EC252752,28790.625
JTHKD5BH1D2155470,6864.797
1G1PC5SB3E7167753,6052.6934
JM3KE4CE5D0139031,10354.301
3GNAXKEV5LL308585,23963.146
KMHDH4AE6EU112857,6238.493
LVYA22ML8LP169704,50824.652
3GNAXSEV7LS717337,23304.533
KL79MPSL0MB033857,23727.465
YV4A22RLXL1565505,50908.82
2LMPJ8KP9LBL19145,50026.004
1G1BF5SM0H7110191,11865.922
KM8J33A43LU184115,18417.127
5LMCJ2D90LUL19340,43182.066
4JGDF7CE4EA418784,22194.988
KM8K5CA57LU494985,29168.78
WBA4E5C59HG189075,26006.615
1J4GR48K35C576893,4027.4128
KMHRB8A33LU031633,20335.262
JTDKAMFU0M3128458,26943.287
2C4RC1BG6LR196020,32009.436
WBA5A7C51GG148658,18835.043
4JGFB4KE0LA031649,54611.355
3N1AB7AP0HY274841,14878.857
KMHD74LF1HU337703,12255.098
SAJKX6049XC863013,7412.9097
2G1WA5E32G1189409,8674.301
2HNYD28248H548741,6592.122
1HGCR2F5XEA294642,12940.198
4T1BE46K67U121284,5785.9233
KNDPMCAC4M7862115,24629.92
1C4BJWDG6FL607754,33951.97
3C6TRVBGXLE109272,30546.994
WAUAJGFF8F1035553,17990.719
5FNRL5H36GB056854,21448.268
1FM5K7B80HGD11440,22029.049
KNAE15LAXL6079504,27988.064
4S3BNAN6XJ3018650,18076.055
KM8K3CA51LU469330,24868.754
KNDCC3LC5L5422204,23739.756
ZACCJBAT8GPC79572,10046.218
5NPE34AF1HH543279,17166.748
5UXKR0C50H0V49651,27642.875
2GCVKPEC6K1108934,28306.99
1C4RJFJT0EC106339,17988.42
1GKS2GKC3GR109680,27149.115
KM8K5CA51LU485022,28485.723
1FTEX1EP4HFC28248,24502.611
MAJ6S3JL6LC385197,23193.01
KNDPNCAC9M7854900,27428.959
1HGCR2F5XEA053471,11983.407
KNDP6CAC9L7768434,23190.82
3FA6P0HDXHR242759,12337.889
KNDPRCA64M7850221,30886.123
YV4162UM0M2401874,42900.117
1J4NF1FB4BD279753,5431.8276
4S3BMBG6XB3226504,5553.686
1FA6P8CF0J5129371,35786.527
YV4A22RL5M1689506,52042.332
3MZBN1V32JM163778,21394.479
JM3TCBDY5L0421899,41184.895
5NPEF4JA0LH059124,22473.455
5NPEF4JA2LH002455,24173.605
KL7CJNSB3LB055344,20622.94
JN1AZ36A24T011729,5686.3535
JT6HF10U3X0016821,3838.5815
5TDZK3DC3GS744562,19045.455
3KPC24A64ME128613,18624.291
2CNALDEW3A6353174,6246.423
WBS3U9C51GP969801,41058.5
3MZBPAEMXKM106569,28804.576
YV4A22RK4L1515805,51646.004
SALVD2BG4HH223230,23656.541
1YVHZ8BH1B5M20702,5530.2515
KL7CJLSB5LB060145,22068.812
KMHGN4JE7HU191398,29681.656
1C4RJFBG8JC212159,29607.953
JTJHY7AX0H4244071,31754.701
1C4RJFAG5HC889763,23305.934
KMHTC6ADXHU321679,11666.582
1C4RJFBG6LC378358,31845.47
JM3KFBDM8L1820946,28718.832
1C4RJFBG6HC786561,29062.986
KM8R5DHE7MU193371,27437.227
3C6MR5AJXLG230938,39672.336
1GYKPCRS5LZ217984,53336.62
1C4HJXEG0LW348588,56805.945
WAU34AFD3GN011781,23876.234
SALYK2EX8LA284533,55477.39
KM8J3CA46HU428122,15212.624
3FA6P0T99LR263498,18830.822
1C6SRFRT0LN401058,43004.08
LYV402TK4JB173535,21007.48
3VWC57BU7LM078734,26858.396
JTEBU14R150068063,3922.0703
WDDWK4KB4HF465311,25668.648
3VWH17AU1HM525343,18802.29
1C6RR7GT5ES396452,20813.508
3FA6P0T90LR228073,25999.102
JTMBK31V086047259,5280.698
JTHBK1GGXF2181065,18629.266
YV4102RK7M1695482,47453.73
5UXJU2C59KLN64788,64356.926
KM8J3CA42HU281717,18745.605
1C6RR7KT8ES331652,20731.158
WDDZF4KB7HA160352,24430.861
1C4NJDEB5GD546199,8333.573
5UXKR0C35H0V84538,26697.23
1GBGSBFE9B8136529,5636.7075
2C4RC1EG6JR235696,22946.84
3KPF54AD1LE209778,19402.135
5FNYF6H33GB044802,22475.342
5UXFG2C59DL782911,11418.748
SALZP2FX7LH079183,52870.902
5NPEL4JA1LH054667,25162.404
KM8J3CAL2LU194755,24618.201
WBAJE7C3XHG889376,35585.19
KM8K2CAA7LU478646,22066.098
KMHL24JJ4LA009753,26774.436
WDDZF4JB5KA630032,38370.316
WBAFU9C54CC788016,13392.281
YV4102RK2J1021526,29450.307
WDDTG5CB7GJ200838,32242.648
WBAJE7C51JG891444,33259.7
1GC1KSEY6KF267233,35822.62
3LN6L5FC0HR618281,28821.201
JM3KFBAY7L0847472,33342.05
2T2BK1BA9AC022046,8251.492
3LN6L5F91LR620926,36893.16
1J4BA7H15BL602982,13337.933
1GCVKREC8GZ417380,26326.502
2LMPJ8KPXLBL14827,52900.71
5UXKU6C54J0Z66682,48241.625
5XXG24J29MG005895,20781.436
3LN6L5F96LR619528,36292.34
KM8J3CAL3LU184736,24491.164
4S3BNBC6XG3029035,16821.441
YV4102XK8J1212256,31838.305
WBAJE7C3XHG890155,36969.445
SALZP2FX8LH067236,54954.816
JM3KFBBM0L0808833,29540.715
55SWF4KB5HU191330,18364.371
KNDPMCAC3H7299399,19689.47
KNDJ23AU3M7739670,22674.441
WDDZF4KB8HA070322,24884.793
3C4NJDCB7HT627798,18176.229
ML32F4FJ6LHF08970,18145.469
WDCTG4GB3JJ427718,23470.406
5NPD84LF4HH023636,11369.502
3KPF24ADXKE027021,11974.908
1GNERFKW7LJ240216,28040.268
1VWBP7A34DC101730,10040.06
1G1JA6SG6F4185325,5437.347
3MZBPABL4KM107969,26954.158
WBS8M9C35H5G86161,38497.355
2GNAXSEV7L6265680,23388.248
2HKYF18595H515208,5526.382
JF1SG66698H700363,3270.6526
JM3KE4CY3F0472888,15376.893
JA4AR3AU8KU020550,20245.977
JM1CR29L390330319,5710.9507
1GCVKREHXHZ390146,28762.688
JA4AR3AU7KU024329,19142.201
1FAFP24176G102860,5170.309
WBAVB13596PT07189,4724.504
55SWF8EB7KU318430,36452.285
1C4RDJDG8HC758302,27797.127
YV4102RK9M1681650,49669.418
1GTG6EEN6J1218521,31127.268
5UXKU2C32H0X46944,32876.6
1GNKVGKDXHJ220231,19330.457
1GCUYDED8KZ174068,39859.605
KMHC65LC1LU210615,24950.998
5NPEF4JA8LH056164,23802.438
2FMPK4J92HBB61453,22955.441
1C4RJFAG6HC618596,24589.504
WDDHF8JB1EA835452,19095.213
JA4AR3AU9KU024400,20294.441
1FTZR15E81PA94788,5204.136
2LMDJ8JK6EBL00225,20312.39
5LMCJ1D90LUL23723,37209.652
1G6DU5RK1L0118699,42755.527
3MEHM0JG6AR635470,5616.2476
ZACCJBCB1HPF75247,19111.701
1FTFW1EF6HKE41787,30282.81
1HGCP2F38AA115335,8083.086
1C4RJFBGXHC761338,19015.545
1GYKNDRS2HZ103315,35806.395
KM8J3CA42HU438145,15659.537
WDBUF87X78B333022,9500.815
5NPEB4AC3DH553721,6777.499
NM0LS6E23L1453514,24037.26
1G6DF5E59C0142842,12359.923
55SWF4KB5JU252942,20755.588
2FMGK5C82DBD17995,11292.832
2C3CDXJGXLH147453,29348.867
3N1AB7APXHY349061,15709.242
KM8J3CA48LU280676,22315.883
WBAJB9C55JB035968,42555.1
2LMPJ8KPXLBL00409,53288.777
3GNKBKRS0KS573390,28683.77
5NPD74LF0HH154856,11788.152
2LMPJ8KP2LBL07709,52029.33
JN8AZ2NCXH9430106,34261.26
1FMCU0HD1JUA62618,20534.586
JM1BPACL0L1174939,24829.084
1C4RDJDG1HC697021,24841.732
5UXKR0C59E0K47917,19104.43
JTHBF30GX30131414,2640.9521
JM1DKFB73L1474127,24544.686
JM3TCBEYXL0423792,36436.61
KMHTH6AB0KU011693,20074.709
5XYPGDA39LG702570,29478.352
JNKCV51FX5M306023,3115.93
3GNAXHEV3LS717306,22919.59
5NPE34AF1GH292147,12930.921
1GC1KSEY7KF248576,43536.023
1C6SRFLT9LN221151,49858.87
1C6SRFFT8KN667740,42442.062
1J4GL58K12W158611,4393.5454
1HGCM82613A023014,3646.513
JM3KFBBL8H0103714,22581.906
2HGFC1E50JH705262,21895.256
4T1C11BK3LU010206,23343.348
1HGCM72745A013549,3762.2874
JM3KFBDL9H0183649,20987.115
JM3KFBCL7H0149596,20712.64
KNAFX4A89F5376027,8359.331
2GKFLTE32D6290488,15152.218
KM8J3CAL5LU187007,23080.215
KNDMB5C13H6249317,23315.248
1GNSKCKC9HR353153,35373.72
WDDUG6EB7JA346736,37311.492
1GYKPGRS6LZ204541,51652.16
KM8SMDHF3HU224862,25682.092
JTMBF35VX95007275,5890.1455
JH4CU2F68CC030812,8385.96
3FA6P0LU1KR106793,18020.441
WDDHF8JB4EA864900,20238.004
JTHFN48Y020001194,7663.977
KM8J3CAL6LU239180,24455.477
2C3CDZFJ9GH337816,37043.664
JTDKARFU4G3521297,14760.184
2CTALBEW9A6386497,7696.204
2D4FV47V97H703657,4529.4116
JN1BY1AR9DM600733,10667.456
1C4RDJDG2JC146103,30836.826
1GNERGKW5LJ180779,28294.008
3GNCJKSBXHL271299,13064.357
1J4GA59168L647544,15493.003
YV4102RK3M1681658,49669.418
JM3KFBCM0L0838123,29595.22
KL7CJNSB8LB061804,21077.678
3N1CE2CP6FL354302,8162.915
WBS6J9C37HD934851,41515.473
1C4PJMDB8HW665915,18460.613
KNDPNCAC6M7858242,27620.291
KMHDH4AE2BU100944,5691.4204
MAJ6S3GL1LC356441,18911.268
YV4102RL5M1682206,49018.098
WDDJK7DA8DF011105,28745.988
1C4SDJCT7LC130773,39498.68
YS3ED49A843011998,3011.5352
5XXGT4L37JG189457,17226.838
3C4NJDBB9LT203730,21335.35
KNMAT2MV2GP651614,14548.723
KNDJ23AU4L7058058,21228.896
5YFBURHE1KP944688,18110.408
2C3CDXJG2HH505474,21347.154
5NPE34AF6HH480552,16455.986
MAJ6S3JLXLC329540,19238.41
1FAHP35N68W145210,2810.125
KNDPMCAC2H7220854,18894.557
KNDJN2A20H7441812,13995.5205
1GCVKREH4JZ336184,30482.217
1C4RDJAG1LC353069,34705.707
KM8K6CAA6JU129270,19694.523
SALSH234X9A203246,10460.221
5NPEF4JA1LH005959,24100.06
WDDUG6EB6JA346548,40111.28
1GNEVHKW4JJ117798,28672.83
YV4A221K6M1671941,62461.875
WDDZF4KB9HA071401,23067.87
5NPEF4JA7LH037878,23435.605
WAUDH74F08N040950,6105.351
5NPDH4AE8GH685115,8118.848
2C3CDZAG7LH174427,26798.295
1C4BJWDG7GL305651,34300.457
5NPE24AF4HH589594,16714.924
KM8J3CAL8MU302314,28476.135
3MVDMBBL7LM138773,26334.537
KM8J3CAL7LU276349,30584.744
SJKCH5CP9HA035487,21328.25
55SWF4KB0HU229840,19207.867
KMHD84LF2JU583792,11986.665
KM8J3CA45HU527630,19447.93
3GNAXUEV5LS710902,24456.666
1FMJK2AT1KEA51155,41703.168
WDCTG4GB4JJ429025,23890.973
1G1BE5SM1H7138472,13490.356
1GYKNBRS9HZ242443,33870.984
1G1FF1R74J0107657,28325.568
3LN6L5F91LR622661,35623.695
JM3KFBDM9L0843741,29236.008
4JGDF6EE6HA785665,30982.416
2T3BF4DV7BW083235,6838.9663
1C4RJFAG4DC592168,12172.374
LYV402TK3JB159870,21885.402
2FMPK3G99LBA95039,22308.285
KNDPMCAC1L7794175,23856.047
YV4A22PK1L1615959,56121.01
55SWF4JBXHU211833,19447.244
JM1BM1K70G1341111,16126.222
WVWAK73C56P025294,4437.5454
3GCUYDED9LG386155,53096.516
4T1BF1FK8GU207529,10877.583
5N1AT2MV6HC885064,20009.875
WA1DKAFP7CA090908,14698.026
3KPF24AD7LE223791,19200.69
1GCGTDEN1J1306671,32088.443
1FTEW1EF9HFC92652,30473.002
JF1GG616X7H813878,4050.7095
2T3K1RFV5LC081334,25542.717
KMHDU46D48U283638,4127.3423
5LMJJ2LT6LEL15114,83686.27
KM8J3CA24HU411012,16911.098
1C4NJDEB1HD127235,17829.09
1FBZX2CM3KKA31168,33186.797
1G6KB5RS0LU107845,44747.367
5FRYD4H4XGB001124,21787.006
KNDPRCA62M7850900,31004.2
1GNSKHKC1KR285337,41965.164
JTDKARFP2H3044851,17366.271
5NPEH4J25LH041141,29398.898
WDDHF5KB3EB006695,16169.295
3LN6L5F93LR616263,34981.312
WBA5B3C57FD542347,14108.652
WAUFFAFC3HN009299,35878.312
YV4102RK4M1681653,49334.566
KL7CJPSB5LB066275,21349.332
5J6RM4H72EL079692,14680.978
3VWDB7AJ3HM385927,13177.11
WBS6E9C55HG437351,56727.99
ZFBHRFAB8L6R93814,18854.955
1C6RR7MT9HS547141,33796.32
WDBNG70J1YA076348,4408.445
1GNERHKW5JJ140463,24644.252
WBA5B3C55GG259266,21485.098
KM8J3CAL8LU222817,23244.604
5NPEJ4J28LH024175,27428.62
3C6UR5FL9LG226910,52566.18
3GNAXUEV6LS717440,25120.852
1GYKPDRS3LZ228200,46774.824
1C4PJMBB9HW632182,19780.055
MAJ6S3GL7LC355228,19798.568
2HGEJ6677TH519073,3992.4412
WA1LHAF75HD055493,29358.945
5UXWX9C38H0T25005,22335.363
KMHC65LC0LU200903,26187.877
2G61M5S3XJ9141102,22795.707
1GYS4JEF9ER249085,27526.781
JM1BL1VP5D1800806,9173.201
KM8SMDHF5HU256843,24309.264
KNDCC3LG4K5009935,34617.45
5NPEF4JA6LH056048,22789.033
2HGFC2F56GH544588,15259.805
3GNAXKEVXKS620812,20359.924
1C4RJFAG6JC148690,24311.72
1GKKNULS8JZ116675,31143.361
ZAM45KMA8B0055179,33591.09
2C4RC1BG4HR803653,21172.164
KM8J3CAL0LU225209,30145.941
1GKS2GKC3LR262652,57844.09
WDC0G4KB1GF094747,17103.541
1FTEW1EP0HFC10316,32331.852
1C4RJFBG8HC948819,26192.697
5LMCJ3D90HUL68079,21492.557
JM3KFBCL6H0173601,19737.77
1GKS2GKC6KR158736,64461.656
WUASUAFG5BN002374,36464.277
5XXGT4L38GG110032,14958.76
5NPD84LFXLH506721,16851.627
5NPD84LF3HH064212,13791.976
LYV402TM1HB153643,19263.746
19XFB2F58FE292547,10898.942
JN8AS5MVXAW109859,5876.943
WP1AA2A20ELA92650,19056.664
5XYPGDA38HG285370,20592.201
3C4NJDCB6LT124143,20894.73
2G1WB58K469437224,3751.961
KMHGN4JE4GU112994,20171.912
WDDZF6EB0HA194592,35029.586
5NPE24AF1KH769607,20276.816
KL7CJPSB0LB064837,21239.67
5NMS3CAD1LH251679,30547.023
2C4RC1GG9CR162209,5052.4565
1VWCP7A31CC066700,6918.5264
1HGCR2F87DA170787,12961.083
5XXGU4L34JG271739,15336.779
5NPEF4JA9LH029152,23322.586
1C6RR7UT3GS303628,26647.197
KM8J3CA21HU294036,15637.973
1HGCP26349A069210,5769.2334
1GNSKHKC3KR197504,43713.008
1GCVKPEC1HZ392537,28573.795
5NPD84LF5KH405892,12798.018
JM3KFBDM0L1819998,29196.11
3KPF24AD1LE224208,19248.871
1FTEW1E54KKF20966,45644.25
5LMJJ3JT5KEL05858,52268.547
1C4RJFCG8HC949323,27322.545
KL7CJLSB1JB655622,17320.291
1GYKPDRS0LZ208597,49722.453
KM8J2CA40LU207725,23977.092
WAUDF48H99K011854,8375.346
KNDCB3LC8L5422118,24235.215
JN8AS5MV6FW763782,8843.261
KM8J3CAL3LU197051,24625.2
1FM5K8GT9GGD20025,32990.895
5NPE34AB4JH666478,21205.102
5NPE34AF9HH506979,16771.768
5NPE34AF5JH672311,17078.977
2C3CCARG2LH180886,27881.795
JM3KFBCM0L0827302,29248.252
VNKKTUD37HA074198,6226.0054
1GNFK36379R190077,8981.631
1FT7W2BT1HEE75915,39668.63
5NPD84LF5LH605396,19946.85
19XFC2F73HE226568,17387.037
1GKKVSKD7EJ221803,11678.771
5XXGT4L3XKG290235,15501.723
3G1BE6SM0HS512285,12046.417
3KPFK4A76JE270091,16728.973
2GCVKREC6J1108622,28247.742
YV4A22PL5L1614113,56440.043
JN1BY1PR2HM210571,19835.043
JTDBL40E79J045429,3895.4326
1J8HR58217C572210,6680.778
3KPF24AD0LE245051,19340.064
5NPE34AF0GH327700,9880.896
3MZBPABL3KM107929,25472.39
3GKALMEV8LL270581,25580.453
1GKS2HKJ9GR389691,32359.676
JM3KFBDM2L0843872,28468.695
WDDZF4KB5HA033406,26732.975
5NPEB4AC3EH826951,8528.042
3LN6L5F92JR609592,21211.633
1C4BJWDG2HL503796,33554.4
SALGS2SE4LA576937,125356.67
5NPE24AF9HH438010,9549.9795
JTDKN3DUXA1299372,8913.613
2GNAXKEV8L6226144,23953.117
5XXGU4L30GG099220,13941.502
KMHRB8A33LU014931,20619.459
1GNSKHKC0LR112040,55429.848
1GNSKHKC5KR300972,42179.383
JM1BK12F551293521,4465.126
1G11B5SL9FF353760,8914.939
1G1ZC5ST6HF144995,9791.081
3FA6P0HD8LR180335,20136.432
WAUENAF46JA025792,28612.762
YV4102RK1L1535869,59347.945
2LMPJ8KP9LBL05827,51802.918
5XXGT4L39KG278741,14354.412
KM8K5CA54LU488643,26623.242
WBXHT3C37H5F85097,25327.053
2C3CDZGG3JH217357,24756.639
KNDMB5C13M6673686,28267.227
1FTEW1EF2HFA49085,36402.086
WDDSJ4GB1GN379825,18046.084
KM8J3CA43LU280827,22424.043
3LN6L5B91LR612508,34717.89
1C4SDJCT6EC383439,16501.215
KM8J2CA46JU820087,17778.594
2LMPJ8K95LBL22075,47376.316
5J6RE48538L008629,6194.799
1FTEW1E5XKKD99814,47437.668
SALCM2GX5LH836269,65948.36
1C6RR7KT7HS733599,30555.766
WDCYC7DF7EX227468,34107.84
WDC0G4KB2JV068882,28829.035
5XYPGDA36GG155750,12374.028
1FTFW1ET4EFA80232,25300.932
3MZBM1U74GM304270,11129.581
3N6CM0KNXFK729132,7054.733
YV4A22PL9M1672338,59786.5
WA1LFAFP8FA115562,21317.127
5GAKVBKD7EJ184300,13913.769
WAUFFAFC2JN050187,34819.85
4JGDF6EE7HA914397,46983.203
1C4RDJDG0HC713712,28391.205
3KPF24AD7LE245239,19509.492
1N6AD0EV0DN710079,13796.843
JM3KFBDL2H0171908,20971.629
3KPFL4A70HE103619,11377.887
5NPEF4JAXLH007208,24292.322
4JGFB5KB7LA022796,51082.684
5NPD74LF7LH554955,16676.646
2C3CDXJG8LH128657,30968.383
MAJ6S3KL8LC312556,19411.668
1FMCU9J95FUB15449,12011.783
3TMCZ5ANXHM078868,37067.484
WBA4C9C57FD331080,18795.19
1FA6P8JZ9J5501349,44618.72
1C4RJFDJ6JC212766,52983.16
5XXGN4A79EG331569,9626.909
LVY102MKXKP081071,39631.344
JN1AJ0HR4AM754276,6979.2354
4JGDF6EE8HA802613,28175.986
1FTFW1EGXGFD04643,33079.14
KM8J2CA44LU212099,22938.219
1J4GR48K25C565853,4601.6216
1FA6P8TH4H5275347,21620.592
1FTEX1EF9GKE51821,29872.146
5FNYF6H05HB073404,26732.465
2C4RC1BG0JR103750,23162.771
3GNAXLEX9LS605307,28153.264
5NPEF4JA5LH058311,22521.621
1C4BJWEG8FL500915,33256.812
1HGCS1A73CA023927,5653.9033
1C6JJTBG8ML502828,35940.06
YV4102RK8M1685060,47128.11
1C4BJWEG5DL590084,23840.648
1GT49REY3LF116420,71493.41
KMHRC8A34LU033694,17657.795
1C4SDJCT4LC411672,40941.24
5LMCJ1D97LUL23489,39136.06
5XYP5DHC2MG104379,33837.6
SJAAM2ZV4KC026008,92996.945
1J8HG48K38C178094,8275.932
3GNAXKEV7LL282376,24749.51
KM8J3CAL1LU241645,23871.658
3VWYT7AU6GM011643,12443.969
2LMPJ8LR9HBL39712,30114.65
3VW4T7AJ6GM344767,11383.0205
WAUCKAFR6AA072218,6340.2407
JM1DKFD70J0313976,18537.922
KMHD74LF5HU191743,10633.663
1FTEW1EP1JKD74879,32702.176
1GYS4BKJ7HR175524,47837.316
5LMCJ2D9XHUL69895,22097.98
55SWF6EB2HU190787,31533.947
1C4SDJCT2LC187074,44670.62
2LMPJ8KP7LBL18575,50357.91
19UUB2F69JA013345,25431.662
3GNAXSEV1LS710884,23603.898
KM8J3CA49LU280718,22751.357
5LMCJ1D98LUL26546,37474.605
1GNEVGKWXJJ137337,24013.98
1G6DF5RL8L0147541,47863.51
WBA7F2C53JG424455,47998.266
1C4RJFCG5HC655412,30708.05
1C4BJWEG8CL103085,18607.852
1GTU9FED3KZ130102,47885.062
1C4RJFAGXDC633757,11651.583
1GYKPCRS2LZ103425,51272.54
1GCGTDEN4H1181837,24278.729
1N4AL3AP8FC146037,8684.498
4JGCB6FB3AA102113,8981.965
1C4BJWEG0DL563259,22350.322
KM8J3CA43HU491811,19460.025
1C4RJFBGXFC775625,18948.674
1VWDT7A34HC066374,18373.654
2GNFLEEK7E6308152,9185.019
2GNAXUEV0L6198304,25491.541
WP0AA2A71CL019782,10935.936
1C4BJWDG6HL656830,34681.688
KNDPMCAC3H7074481,19104.158
JM1DKFC72K1447661,18982.695
JM3KFBDM7L0841308,29882.205
1HGCR2F32HA198196,17495.92
3GNAXUEV2LL285746,25466.537
3LN6L5KU5HR663957,17552.021
1C4RJFCGXJC166963,29079.373
1C4RDJDG1HC717901,30271.434
1C4BJWFGXJL874093,39519.14
KMHC75LC2LU200737,27717.871
5NPEH4J20LH047638,28532.867
3KPFK4A75HE136277,14267.543
1GNSKJKCXGR459310,30346.152
1C4RJFBG2LC445182,33071.316
1GCVKREH1HZ298858,28214.492
1C4PJMDX0LD568241,28696.848
JTMK1RFV7LD060626,24538.342
4S3GTAA67J3747545,24402.895
5UXXW3C51F0M86752,22318.627
WAUC4AF49JA002243,38657.355
5NPD74LF0LH609097,18726.664
1C4RJFBG9LC290548,30966.465
2C4RC1GG4HR772154,24872.81
3GNAXKEV8LS710896,24190.371
1FTEW1E55JFE27056,31772.3
5LM5J7XC2LGL30027,63524.336
1G6KD57Y98U111448,4820.5083
1C4RJFBG5KC799289,33089.207
1HGCR2F82DA071679,7023.377
3VWEB7BU8LM069803,22583.564
5NPD84LF1KH421409,11795.417
KM8J3CA42HU456287,15187.054
4T1G11AK0LU352358,26439.297
1G4HD57247U212233,4610.288
KNDPNCAC2L7830601,26081.277
1FTEW1E47KFB73200,40059.98
1LN6L9NP0L5604582,60391.41
5UXKR0C50J0X91605,30137.979
JTHCK262192028014,4663.6763
JTMBD31V876031433,6141.159
3GKALTEVXLL301372,28779.727
1GNERFKW9LJ275825,27390.742
WAUENAF48HN026428,24628.299
JM3KFBCM1L0849177,29198.42
5NPD84LF9HH181289,12208.507
KNDPMCAC2M7848374,26459.299
KNDMB5C12J6355702,23404.582
KNDPBCAC6E7617209,11539.761
3C4NJDBB7MT516261,24692.197
1C4RJFBG0FC698926,15514.945
YV4162UK7L2253882,43714.8
3GNAXUEV8LS704074,25153.479
1FM5K8B87JGB44800,30536.102
3KPA25AD3LE329039,17511.979
3GKGK16F6XG531658,3153.4263
5NPEH4J29LH035276,28891.514
2A4GP54L17R156313,5249.3115
WDDJK7DA9DF001506,26126.46
1C6SRFFT4LN407532,46737.145
2C3CDZC97LH125100,53362.16
5N1DL0MMXHC521626,21169.54
1FT8W3DT6HED81598,41998.758
KNDPMCAC4L7706882,23666.086
JN1BJ0RR6GM265020,25104.398
SADFP2FX8L1Z86869,60985.105
WP1AB2A21DLA86433,22727.22
KM8J3CAL7LU161265,24113.05
5FNRL5H28EB009961,11104.486
3C4NJDBB5KT599511,17959.365
5NPDH4AE3GH746418,7942.3784
ZACNJBBB4LPL74409,20111.75
2A8HR54P48R675325,7845.6934
MAJ3S2KEXLC377200,23001.373
KNAE45LC7K6059668,36679.684
1C4RJFBG5JC357675,30092.715
1HGCS2B89CA007499,9528.882
JM3KFBCL5H0211545,20447.098
KM8J3CA48LU253266,22675.674
19UUB3F65KA000356,29821.566
2GKFLTE36H6281427,20804.895
MAJ3S2FE1LC377242,23188.607
1C4RJFBG8LC444618,34964.97
5XYZKDAG5CG153685,14176.75
1G1BE5SMXH7241633,10782.233
KL7CJPSB8LB048126,21325.463
SALZP2FX9LH090489,54123.72
3TYSX5EN7LT002985,30063.916
5N1AR2MM4FC660077,13941.568
1C4RJFBG0LC209453,33426.707
5TDBT44AX1S056150,4397.9805
5NPEF4JA3LH033018,24254.242
3FA6P0HD2LR165829,19214.006
5XXGM4A79FG481038,11417.909
1LN6L9VK2L5603132,48733.676
1FMHK8D80BGA21254,7023.504
WA1ECCFS7JR021054,29286.406
3MVDMBEM7LM123484,25803.098
ZACNJBAB8KPK26781,18592.242
2T1BU4EEXAC251723,10084.085
3LN6L5F90LR620870,35090.504
KM8K5CA50LU531200,26985.562
KNADM5A37F6423172,9353.439
WDCTG4GB6FJ039843,19717.469
1HGCM56634A115980,2948.8599
1C4RDJAGXLC142629,33442.97
1FMCU9GD9HUC70651,20141.732
3GNCJNSB1LL182697,21157.973
1GAZGPFG0J1327566,25910.785
KMHTG6AF3LU027197,18076.434
MAJ6S3FLXLC355693,24979.092
3C4NJDBB4LT122358,24166.69
KM8K5CA54MU627381,29051.764
5LM5J7XC5LGL31639,67654.78
1C4RJFAG9CC350927,14120.269
WP1AB2A59KLB30945,53575.51
JM3KFBCM2L0793878,30440.355
4JGDA6EB1HA971442,32923.258
KNDPRCA66M7851483,31004.2
KM8J3CAL3LU257085,23729.615
5UXKU2C52J0X49589,32365.416
1FM5K8GT9JGC78155,32572.416
2C3CDXL91JH247047,54502.875
2T2BK1BA5DC219901,15582.741
5LMCJ2D97LUL19240,55038.785
5FNYF48489B003856,6742.988
5NPEH4J28LH022308,29724.828
KM8J3CAL0LU266004,25180.55
5NPDH4AE3EH540772,6924.2026
KNDERCAA7M7120184,21328.637
5NPEG4JA2LH058327,23405.295
SALVP2BG8HH259977,26927.566
2C3CDXJG4LH156293,29528.068
5NPEG4JA9LH025924,24529.334
1GKS2CKJ4HR213538,45131.242
1G6DS5EDXB0116896,12117.901
1C4RJFAG8LC335335,30096.992
KM8J3CA48LU252621,22434.418
JN1BY1AR2GM270552,24438.947
KM8JTCAF5FU960850,10352.573
5NPE34AF2JH596532,15155.238
1HGCP2F34CA128358,9047.345
2C3CDZJG0LH178027,28382.516
JM3KFBDM1L1851780,29122.084
5NPEF4JA3LH057349,22822.79
3FA6P0HDXLR245881,20685.873
2GNFLEEK9D6183850,9512.802
KM8K5CA56LU449889,28580.799
2FMDK3JC9DBB50453,10034.287
1FTFW1EG8GFD04723,30113.012
1FMCU0GD3HUE14934,17727.615
JM1GJ1W69E1161199,12382.009
WBAJA9C56JB252397,32457.59
2C3CDXBG1KH628253,23804.275
5LMCJ1D97LUL23685,34980.746
WBAJB9C50JB036526,39622.312
1FMCU9GD4HUD71337,21716.0
3LN6L5F90LR614681,36508.715
5NPEF4JA9LH044783,23944.85
JF2SHABC3CG424154,5754.052
KNDMB5C13K6551973,23639.92
3LN6L5F96HR643240,22268.516
1G1ZD5ST9JF127126,14047.35
2LMPJ8KP2LBL13039,53552.01
KMHFC46F56A131573,6721.884
3KPF24AD6LE231560,19584.225
WBANN73577CN04560,4962.517
KNDJ23AU3L7003374,18042.436
2C3CDXBG4CH178616,8833.618
KMHD84LF3HU369047,16447.217
5UXCW2C56KL087255,60555.89
JM3TB38V690180646,8072.54
JM3KFBCM1L1821163,28843.17
1G6AL5SX5G0112924,17760.936
3C4NJDBB4LT100294,22464.133
1GNKVGKD7HJ224009,20260.889
5NPD84LF3LH585455,22423.787
KNDP6CAC7L7827285,24028.436
YV1RH592262503411,6945.101
WA1A4BFY0J2015261,42709.438
1FMCU9J92HUE91786,19886.96
1G6DT5RK8L0124485,52625.72
JTDKAMFU2M3129840,26741.467
3GCNYAEF2LG222492,34533.234
2HNYD28418H500194,13420.869
1FTFW1E63DFD12134,23525.803
1C4RJFAG6GC303425,20238.158
3FA6P0HD6LR164652,24599.074
2G1FB1E3XF9231542,19439.53
2HGFC2F50HH549433,15842.208
JTHCL5EF1E5022497,17075.508
2C3CDXCT9HH644544,28864.111
KM8J3CA20HU384732,19497.588
4T1BE32KX4U356945,4973.025
3C6UR5FL0LG244907,50653.793
YV4102RL8M1682197,47128.11
YV4162UL6M2408917,43305.13
2C4RC1BG8KR650525,24754.443
5NMS2CAD6KH096712,17849.266
JM1DKFB7XJ0306133,19733.385
WBAJA7C39HWA70539,29618.318
5N1AR2MM5DC674597,10376.146
JM3KFBCM0L0823878,28497.217
3LN6L5F9XLR621623,38521.336
4JGDA5HB5GA795077,23199.092
1C4RJFBG1LC444704,32489.023
5UXWX9C56F0D50891,19761.879
3N1AB7AP1FY316625,8441.107
KM8J3CA44LU194006,24552.95
5NPE34AF5HH586149,15445.867
3N1AB7AP7KY290185,12708.114
1FMCU9G65LUB89351,22986.266
5N1AT2MV4HC891459,21143.652
WVGBV7AX0GW594963,21262.793
2GNAXSEV6L6265928,23387.557
JM3KFBCM3K0540812,25876.459
1GKKVTED6CJ387955,10301.399
WDDHF8JBXGB218192,27971.227
JM1BK344481132430,5662.343
5NPEF4JA5LH039466,26264.11
2LMPJ8J99LBL21223,38739.25
KM8J3CAL6LU161340,23066.152
WDBRF61J65A685394,2477.903
WBAJA7C36HG903768,27505.422
2LMPJ8KP6LBL20088,49487.668
3C6UR5DL5LG115189,50821.164
5N1AT2MV1EC751994,8579.605
5XXGU4L32JG209143,15371.277
2LMPJ9JP0LBL00412,54029.5
1FMCU9GX5GUB49771,13779.67
KM8J3CA43HU539212,14887.118
YV4102RL3M1685380,47128.11
WBA5M4C30HD187121,21941.535
MAJ6S3JL4LC385196,22747.084
1C4HJXEG1LW348549,57282.28
2LMPJ8K94LBL13058,52682.16
2G11Z5S32K9161742,19072.918
1N6AD0CW4BC437247,7728.9204
1GYFZCR48KF111719,31221.156
3LN6L5B91LR610614,34573.273
1GNSKHKC9JR204972,34348.58
KNDJP3AE3H7024713,21939.232
3GNAXUEV5LS671177,25091.594
5UXKR0C55H0U55409,28780.33
5NPEF4JA3LH006658,26608.623
YV4A22PK4J1363069,35320.02
YV449MRRXH2188989,26375.203
1C4RJFBGXLC444510,32508.426
2C3CDXGJ5LH212356,47763.97
7FARW2H56KE034910,23264.518
KM8J3CAL4LU216397,24499.2
JM1NDAM76L0415951,34375.35
5FNRL5H95GB067848,24363.666
KM8JUCAC1CU456617,9994.558
3FA6P0HD9LR224696,23048.451
KNDPNCAC2L7700155,24831.38
KM8K5CA52MU611082,27839.283
1FMCU9G67LUB98262,23618.242
3LN6L5C95HR643976,23264.273
YV4102RL7M1685303,49246.71
JN1FV7EL2HM702190,32441.404
WBA4W5C52JAA49572,27931.002
YV4A22NL2L1104787,56537.28
1GYKNBR42LZ197856,43219.848
1GYKPDRS2LZ209248,50278.633
WP0AB2A87HS285679,54126.92
1C4BJWDGXFL773906,27784.723
1FTEW1EG9HFC16485,28554.4
1GYKNBRS0KZ221942,37730.145
1C4RJFAG6HC662548,25456.752
KNDPNCAC7M7858170,27262.395
5UXWX9C37H0W74057,29979.885
3GNAXSEV8LS717332,23326.791
YV4A22RL9L1571201,51977.85
KNMAT2MV7JP561883,17032.473
1GKS2GKC7KR181619,45616.227
KNDJ23AUXM7741688,20029.617
1FTEW1EFXHFC63998,38719.676
WAUB4DF53JA036698,40210.21
55SWF4KB5FU001796,16851.965
3FA6P0HD1LR231545,23261.39
5N1AT2MT1KC803991,18881.389
KM8J3CAL0LU199162,28787.44
1C4RJFDJ7HC887486,52648.36
JM3TCBCY0H0134012,24192.285
1VWCN7A39EC070177,12269.681
1J4PR4GK1AC103604,7551.68
5J8TB4H53FL017432,17732.959
1C3CCCDG7GN135586,15257.985
WBA4U9C37H5H64412,19284.664
1FM5K8D84FGC55681,23162.615
2FTRX18LX1CA75497,4455.5215
1G1BL8378PW105179,3418.0796
1C4HJWDG1JL878594,34891.453
2HNYD2H26AH516413,6797.9937
KM8J3CA46MU294559,21847.24
5NMS3CADXLH259134,31060.223
1C4PJMCB2EW107524,12283.718
5XYPGDA50GG139402,21433.156
1C4RDJDG9LC394741,34722.26
55SWF6EB7GU124847,32415.613
1C6RR7FT6HS612797,29936.656
SADCJ2BN7HA098663,22689.518
JM1DKFC74J0315554,18954.096
YS3FA4CY3B1302548,8350.264
KNDCE3LC0H5038042,15693.13
WAUB8GFF6J1021871,23820.764
1HGCP2F84AA014367,6389.2124
1C4PJMDX5KD350746,19568.486
3FA6P0HD0LR251267,20703.97
1GYKNAR41LZ226368,37236.81
YV4102RK5L1521960,50704.637
1C4NJRFB2FD417797,10027.763
JF1VA2M67G9829723,29443.96
KM8R5DHE9LU054843,31995.09
5XYPG4A3XJG366814,23053.97
3MZBN1W33HM144116,17580.064
WBA4J3C54JBB97610,24016.82
WBA3X9C57GD869814,24178.977
5NMS2CAD9LH249570,29215.412
1FTYR2CM1GKB30984,14108.396
WBA6A0C50ED317496,18375.46
3C4PDDBG2GT173195,17854.969
3D7KS26C16G201108,7520.2524
2G1WA5EN1A1101619,4573.5864
5NPEH4J20LH009746,29509.994
1GYS4BKJ7LR166914,80226.05
3KPC24A64ME128868,19023.47
ZAM57XSA5H1221143,30998.139
3GNKBBRA5LS677222,33773.188
1GYS4CKJ6LR240569,62725.484
KNDMB5C15M6663323,28171.93
1GCVKREC5JZ305269,27542.643
5NPD84LF4HH173925,12264.416
KMHD84LF4LU106980,20725.682
WBA5B3C51GG259281,21612.18
3GNAXHEV9LS700977,24098.773
ZFF77XJA2F0207106,63966.598
YV4A22RK5L1590660,50005.54
JM1FE173350150970,7632.5693
WA1LFAFP0EA038636,12993.261
2HGFC2F76JH547161,13885.652
3FA6P0T96LR244925,24878.766
1G1FZ6S05L4121127,30967.469
KNDPMCAC9H7247775,20829.373
KM8J2CA46LU271705,22304.393
JM3KFBBL8H0167073,21877.889
ZFBHRFAB7L6R57466,18711.74
WP1AF2A54FLB48389,23945.283
WP1AG2A50HLB50172,32388.697
5FNRL38736B427054,4436.7456
3FA6P0CD2LR205558,20445.441
1FM5K8D82DGB16579,11127.193
YV4A22RK2M1676915,51119.67
1C6SRFFT3LN407487,41547.12
WBA7F2C34HG422836,36996.53
5NMZUDLB3HH014048,16890.273
5NPEF4JA1LH031073,23267.846
1GNKRGKD5HJ344511,23317.428
KM8J3CA44LU252017,22397.775
WP0AA2A7XGL001934,26967.605
WA1DKAFP1CA080083,14264.073
KNDJ23AU9L7726808,19275.729
YV4102RK1M1677026,47128.11
5FNRL18923B030601,3350.6543
5LMJJ3LT4LEL16591,77704.375
JF1ZCAC1XH9601339,26223.814
WDC0J4KBXHF253915,30153.102
3VWC17AU4FM509094,8001.2827
3FA6P0HD6LR236174,22433.754
KNDPMCACXK7560468,19603.434
JTEBU5JR2K5642616,37958.42
SADCJ2BV4HA881794,33577.926
2C4RDGCG1KR557909,23911.941
WAUFGAFC2GN005370,21886.09
3GNAXKEV2LL256395,25139.76
WAUU2AF24KN018210,48793.945
2C3CCAEG1JH126871,23046.496
3GNAXSEV0LS717325,23326.791
KNDJ23AU4M7739886,20738.316
WBAJE7C59JG891305,35671.938
KNMAT2MV2HP607209,21110.105
JM3KFBDM8L1856989,30560.137
KM8K5CA56LU543772,28487.787
5J8YD4H51HL002270,24779.055
3VWD17AJ1EM235068,5500.848
1C4HJXDN9LW259182,59596.82
KNDPNCAC7M7858220,27744.688
5XXGT4L38KG284739,15945.339
SALWZ2RE6LA742193,95286.69
1G1ZB5STXHF124915,18336.86
WBA3A9C51CF270309,13944.241
WDBRF92H47F878730,5332.5605
2C4RC1BGXLR237748,29935.115
3KPA25AD9LE334018,16784.025
3G1BF6SM9HS532435,11732.267
1GKS2GKC0HR218423,32381.379
5NPEF4JAXLH060748,22514.771
2GNAXKEVXL6253572,25134.271
2LMPJ8J97LBL15226,52151.137
5XYPHDA56LG702699,33517.203
YV4A22RL4M1684202,52882.855
1C4HJXDN1MW505157,35979.188
1FADP3F24HL330232,12771.401
5XYPKDA5XHG227356,24556.742
1GCGTCEN0H1141944,28188.457
4JGDF6EEXHA845513,30206.693
5NPD84LF3LH603954,18613.14
KM8J3CA46HU437712,18501.945
3N1CN7APXFL907873,7370.319
1N4AL3AP1HC219882,11102.633
2GKFLVEK2F6213528,11785.567
JM3TCBDY5J0207654,30572.963
1GNKVHKD6HJ334443,22358.082
1C4RJFBG2LC396601,35390.117
WA1VAAF75JD010752,40757.516
1FMCU9J9XKUB89315,21068.754
1C4PJMDX0MD100320,28898.154
2HGFC1F38GH652137,11868.332
1C6JJTBG8LL100631,34298.824
1FT7W2BT2KEF05897,44392.2
JM3KFBCM0L0848795,28695.207
2C4RC1GG8ER196175,9760.874
WAUHGAFC9DN004754,11159.042
SALRG2RV7L2433667,52952.246
KNDCE3LC1H5089775,20420.166
5FNRL38279B010108,4598.248
KM8R4DHE9MU197179,27990.814
2C3CDZGG9LH173142,28105.057
2LMPJ8J90LBL20638,45950.285
5XYPKDA53LG701561,34350.84
KMHDC8AE7CU153811,5171.3696
KM8J3CA2XGU115023,18341.197
5XYZUDLBXHG484961,15162.871
2C3CDXJG3LH115119,28925.312
5NPD84LF6LH604533,20545.36
SALZP2FX7LH086957,51444.016
JTMH1RFV5LD059694,24670.564
5UXTS3C52K0Z09908,48980.81
3FA6P0T91HR200192,16909.922
3FA6P0T94LR258984,24208.072
WA1CCAFP9HA034419,33467.79
1GNKRGKD3HJ253527,21833.473
1GCVKREC4HZ208056,27686.168
4JGDF6EE5HA876622,30859.95
KM8J3CAL7LU194346,23742.79
2GNFLEEK0H6284880,16817.607
1C3CCBCG4DN659205,5647.4634
KM8K33AGXKU044155,39580.883
YV4SZ592371273337,5306.5713
3GNAXHEV2LS680670,23618.377
WAUG8AFC4HN091901,26997.533
3GKALVEV7LL308212,29385.443
5NMS3CAD0LH255688,27128.463
1FADP5AU6JL103649,20094.361
KM8J3CAL1LU198697,22621.07
1C6RR7FG4HS618097,25787.625
3C4NJDBB6LT216662,21935.781
1GNSKCKC0GR256521,28044.814
3CZRU6H75HM702835,16185.047
WDCTG4GB1GJ266116,20637.045
2T1BURHE7FC373942,12022.476
3FA6P0T91LR252348,24878.766
3FA6P0HD2HR362586,18705.656
5XYP5DHC2MG095666,33678.18
1GCGTDEN3J1102423,28323.38
JF1GPAA67E8238283,12321.556
1FMCU0F75JUB47183,12538.255
KM8J3CAL2LU257840,24903.57
KM8K6CAA5LU538511,21956.92
1G1PA5SH3D7117055,5150.6533
YV4102PK0K1509569,36230.023
55SWF4KB8HU201283,23607.658
WP0AD2A70DL045220,19623.916
2C3CDXHGXJH169391,21075.406
1GNSKHKC5GR369183,21183.393
5TFBY5F19EX381652,22151.998
1C6SRFRTXKN520380,41555.363
YV4102RK8M1689805,48411.78
5NPEH4J21LH041167,28471.057
5UXKU2C32H0X47141,35127.0
JM3KFBCM5L0825951,28254.127
JM3TCBDY3L0422159,40954.008
5NPD84LF1LH612247,19742.795
1C4GJXAG8LW301732,29594.402
1LN6L9TK8H5608992,31027.744
1GNSKHKC1KR373952,44023.22
1GKS2BKC9LR264666,53067.055
1GTG6CE36F1209635,21950.2
YV4102RLXM1682220,47128.11
1B3EL46X94N205500,3164.199
ZACCJBBT0FPB58130,12282.746
3FAHP0JA5CR434303,6180.9194
1FTFW1E84AFA64571,12456.875
2C3CDXGJ2JH289876,49882.414
2LMPJ8KP2LBL14790,53223.105
2HKRW2H5XKH648548,25034.371
WDDHF8JB3GB236582,23732.828
1C4HJXEG6MW512654,37841.676
1FM5K8D85JGA66272,26904.617
3N1AB7AP8HY330878,13248.771
4T1BE30K65U062074,3384.6235
3C6TRVNG0LE100284,29559.371
YV4102RL6M1685678,49334.566
WBAXH5C59CDW10369,10681.423
3FA6P0HD5LR219530,20164.95
1G1YP2DW7D5101322,33130.414
WDDDJ72X18A132567,8917.567
ZACCJBAT1GPD79528,15956.23
3N1AB7AP8KL606805,16212.56
1FTEW1EG5HFC70155,31644.54
1FM5K8GT7HGC50381,33689.68
SALCR2FXXKH802667,31290.607
1FAHP56S12A112264,2469.5835
2G1105S30J9108725,13981.673
1GNSKHKC6JR361729,34443.215
1C4PJMLB6LD640808,24097.35
JTNBE46K973062589,5867.8086
1N4AA6AP7GC432647,15544.832
MAJ6S3JL4LC337178,24995.129
JM1GL1UM6L1525507,25966.963
3GNAXSEV2LS617128,24046.775
1G1BE5SM3J7132856,15492.589
2GNFLEEK1C6241691,7173.2407
KMHRC8A37LU045404,19458.227
1C4RDJDG1LC412021,34505.55
JTEEP21A160170005,3870.0938
5XXGU4L33JG216778,12841.848
JM3KFBDM2L0851907,30308.496
5FNYF4H52DB065173,13537.926
1C4RJFAG7CC135966,9607.154
5FNYF4H69EB034920,14162.993
5N1DL0MM0HC519674,23864.602
5XYPGDA35LG698386,29969.707
KM8J2CA48LU120333,23223.664
JN8AS5MV8AW141709,5462.1123
1C4RJFAG3HC682384,23457.094
5FRYD4H51HB011096,23507.547
WBA7F2C52JG423880,40396.434
19UUA662X5A075818,3717.8384
1C4RJFCG5LC434613,35156.625
5NPEF4JA4LH000819,24278.404
1C4NJDBB2ED808701,10642.4795
1GNKVGKD1HJ252355,24929.02
5LMCJ2DH0LUL23010,44161.562
KNDP6CACXL7823635,24202.764
5NPEF4JA4LH061653,22270.938
3GNAXKEV2LS671139,24070.957
1C4RJFBG9LC227126,35770.73
JF2SJAGC0FH815208,17285.475
WDDWF4KB7HR257135,20757.094
5J6RE48369L065844,5148.9883
2C3CDZFJXLH184809,47192.83
5LMCJ1D98LUL25817,38864.25
KMHTG6AFXLU026578,18037.377
5NMS2CAD9LH195560,28525.467
WDDWJ6EB5HF438645,37909.08
1C4RJFBG6LC396603,36161.953
WDCGG8HB1AF376018,7785.343
MAJ3S2KEXLC388939,22920.463
KM8J3CAL9LU204858,27659.646
5NPEH4J25LH020032,28733.023
KMHGN4JB2JU218907,33768.613
2G61U5S33G9142648,13408.806
1GCVKREC3HZ322758,27463.719
1C4RJFAG7HC624164,23541.447
ZARBAAC41FM129303,47290.055
5NPEF4JA1LH059388,22402.135
4JGDA5HB0EA292182,20591.555
3CZRU6H35GM723745,15642.134
1G6DX5RK3L0126388,42493.54
JM3KFBCM1L0841841,28494.824
JM3KFBDL9H0211319,20247.58
WAUBGAFC0CN006283,7842.514
2GNAXHEV7L6265374,23344.617
KM8J3CA42GU037841,15025.028
WDDZF4KB8HA033481,26968.943
KNDCB3LC0L5375716,24026.625
JM3KFBDY3K0627949,27380.479
WDDZF4KB4HA047782,24548.898
YV4A22PK6L1577970,64144.73
JM1NDAM72L0415932,36176.684
1FMHK8B86CGB00402,12695.892
3GTU2NEC1GG218952,25058.592
1FTEW1EF6HFA01928,28558.73
3GCPKSE37BG209872,18350.523
5NPD74LF1LH616642,20907.367
1C4RJFBG1HC892691,26843.621
1C6RR7UT0JS128648,36222.426
1G6RR1E41EU600981,12434.668
1FMCU9GD9HUD08444,19650.791
1C6RR7FG2JS184770,28517.578
1FMCU9G91FUB54529,17691.895
5GZEV23D59J171382,7620.8955
JM3KFBCM0L0838316,28536.977
WDDZF4JB4HA094070,27621.766
KM8J3CAL6LU258098,24149.756
1GCHTCE31G1116813,18610.371
3FA6P0G72HR267392,13686.134
WBAJA7C36HWA70658,28255.906
JN8AS58VX9W164446,5569.731
WD4PG2EE4G3146457,22515.158
3GNAXKEV3LS645441,24684.285
2C4RC1BGXLR117660,32025.588
1G1PH5SCXC7255576,4835.431
5NPEF4JA7LH046208,25470.91
JF1GPAL6XD2845440,14844.232
1C4HJXFN5LW329404,61925.28
3LN6L5B97LR605479,35865.758
MAJ3S2GE7LC367183,19912.143
1HGFA165X8L017741,4925.251
JTHCF1D21E5006203,11283.058
1C4RJFDJ0LC173224,68543.92
KMHC85LJ8LU061810,32590.842
WBA8D9C34HA005576,21638.166
5N1DR2MM2HC907029,20247.484
1G1PC5SB9E7320054,10229.796
2FMDK4KC7DBC49552,9548.668
JA4AR3AU2KU033097,22281.283
5UXWX9C38H0W78411,19092.064
5LMCJ2D99LUL15075,41063.395
KM8J3CAL2LU226104,29240.916
SALZP2FX7LH090328,52234.46
JA4AR3AUXKU031596,20071.799
1N4AA6AP9GC381054,16106.395
1FTEW1EG7JFB32364,30794.564
WDC0G4KB7HF255118,22118.201
JM3KFABMXK1505299,32158.506
JTEHF21A730143984,3923.6343
1C4RJFBG5LC274525,31290.22
4JGED6EB8KA141852,53493.824
KNDJ63AU5M7126535,19992.309
KNDJ23AU8M7739888,20764.914
3KPF34AD7LE250762,19305.79
KNDCC3LC1L5422779,24927.309
KM8K5CA50MU603837,28313.9
5N1AT2MV5HC799597,19271.646
1C4RDJDG0HC741140,28108.273
1C4NJDBB3CD570144,9137.839
YV4CZ982281477075,5278.5127
5J6RM4H76DL013242,16091.257
KM8J33A42JU656060,12838.052
KM8J2CA43LU087919,23511.291
3C4NJDBB0MT503304,25081.186
2LMPJ8KR3HBL14399,28577.719
ZFBHRFAB1L6S10252,19626.91
KM8J3CAL6LU102563,21602.434
3KPF24ADXLE198336,18741.28
3GNCA53V39S514713,4493.2725
5N1AT2MV9HC818684,18644.088
4T1BF1FK7HU624108,12461.6045
5NPEF4JA0LH050701,25596.682
1GCVKPEH9JZ205661,29286.658
5XXGT4L33LG421670,21185.838
1FMCU9HD7JUA63132,18544.748
WDDZF4KB4HA030819,23489.418
5NPD84LF3HH014751,9341.672
4JGDF6EE1HA882482,29186.56
1G4HP57268U199283,4119.2456
5UXWX9C56H0T00993,21740.783
3FA6P0HDXHR218736,14423.999
JF2SH646X9H767308,4995.2417
WAUBFAFL3AN070639,10606.408
WDDKJ6HB8HF361943,31078.74
KNDPNCAC4M7858403,27509.436
1GYFZDR42LF114591,43176.55
WDCGG8JB2FG418465,21949.361
1VWBN7A36EC067619,10683.124
1C4RDJAG4JC330883,29687.97
3MEHM0CG1AR636135,6301.18
1C6HJTAG2ML502629,42432.35
WDDLJ7GB6HA197200,58280.145
1GNSKBKC6KR391912,44304.48
JM1DKFC7XK0443931,19854.668
3VV2B7AX7KM153189,21564.127
3GNAXKEV9LS657299,24409.53
1FMCU9G63LUB95309,22171.547
5XYZT3LB4DG007563,8005.763
3MZBPAEM5KM105281,29242.004
KMHD84LF2LU106881,19181.033
YV4A221K3M1672822,62297.445
JTHBZ1BL5GA007105,21479.69
1GCGTCEN5J1172161,28468.477
1C4RJFCGXFC129709,15543.854
3TMCZ5AN1LM359840,33799.58
5XYZWDLA1JG506031,24121.975
WBA4J3C58JBG90786,22935.332
KM8J3CA42HU399704,21349.23
3GNAXUEV7LL272796,25182.45
2C4RC1AG9LR120065,27960.158
JM3KFBDM6L1823344,29080.037
4T1B11HK3JU584255,18701.572
5N1AA0NE4AN623191,12498.393
JN1CV6AR6DM761356,8189.3794
1G1PK5SBXE7367631,6985.688
2C3CDXJG3DH584793,14916.081
1GCNKPEA4CZ264638,19206.385
JM3KFBDM7L1845238,29066.729
1LNHM94R39G628008,9077.655
3GNAXLEX8LS523181,28867.58
WBAKF9C53CE672450,16592.107
KL7CJLSB1LB063169,21786.693
JTHBK1EG7C2488661,12832.874
5NPEF4JA3LH058405,22601.943
1GNKRFED6GJ185504,18070.557
